"model","intercept","intercept_se","n_obs","formula"
"gender_dep",-0.158498618035072,0.21645879326417,76,"list()"
"gender_dep_v2",-0.144965203481057,0.393017930321504,76,"list()"
"age_speed",-0.127944845353229,0.293019427450397,76,"list()"
"age_speed_v2",-0.127292424399014,0.247549846723726,76,"list()"
