"elpd_loo","se_elpd_loo","p_loo","looic"
-31.0463524863739,4.33619322359872,6.39381932845932,62.0927049727478
