"elpd_loo","se_elpd_loo","p_loo","looic"
-30.9546248670724,4.85323672144506,7.82983760098698,61.9092497341449
