"elpd_loo","se_elpd_loo","p_loo","looic"
-31.0059068577536,4.3463714713774,6.41857751644232,62.0118137155072
