"elpd_loo","se_elpd_loo","p_loo","looic"
-31.0092966234861,4.33254126639163,6.36697663780792,62.0185932469721
